#-------------------------------------------,,,,,,,,,,
# Food Diary Report - Detailed Report,"Saturday, June 1, 2024","Sunday, June 30, 2024",,,,,,,,
#-------------------------------------------,,,,,,,,,,
,,,,,,,,,,
#-------------------------------------------,,,,,,,,,,
# Period Summary,,,,,,,,,,
#-------------------------------------------,,,,,,,,,,
Daily Average,Cals ( kcal),Fat( g),Carbs( g),Prot( g),,,,,,
Total,2562,89.42,305.59,146.07,,,,,,
Breakfast,646,22.2,68.25,45.05,,,,,,
Lunch,845,20.23,131.85,40.16,,,,,,
Dinner,721,28.1,69.15,49.14,,,,,,
Snacks/Other,349,18.89,36.34,11.72,,,,,,
,,,,,,,,,,
#-------------------------------------------,,,,,,,,,,
# Report Details,,,,,,,,,,
#-------------------------------------------,,,,,,,,,,
Date,Cals ( kcal),Fat( g),Sat( g),Carbs( g),Fibre( g),Sugar( g),Prot( g),Sod( mg),Chol( mg),Potassium( mg)
,,,,,,,,,,
"Saturday, June 1, 2024",1837,70.52,19.919,216.62,23.88,17.3,100.25,1159.11,658.16,1346.28
 Breakfast,,,,,,,,,,
 Lunch,724,21.34,5.76,113.68,7.92,3.96,25.47,369.81,16.66,349.4
  Classico Basil Pesto,77,7.33,1.33,1.33,0.33,0.67,1,189.81,1.66,
   20 g,,,,,,,,,,
  Great Value Partly Skim Mozzarella,80,5,3.5,2,1,0,8,180,15,20
"   1/3 cup, 30 g",,,,,,,,,,
  Terra Delyssa Extra Virgin Olive Oil,56,6.54,0.93,0,0,0,0,0,0,0
   7 ml,,,,,,,,,,
  No Name Elbow Macaroni,511,2.47,,110.35,6.59,3.29,16.47,0,0,329.4
   140 g,,,,,,,,,,
 Dinner,871,32.93,7.409,85.44,12.96,3.84,64.78,619.3,641.5,921.88
  Terra Delyssa Extra Virgin Olive Oil,80,9.34,1.33,0,0,0,0,0,0,0
   10 ml,,,,,,,,,,
  Egg,206,13.92,4.339,1.08,0,1.08,17.61,196,592,188
   140 g,,,,,,,,,,
  Great Value Chickpeas,132,2.1,0.3,21.6,4.2,,6.6,144,,
   150 ml,,,,,,,,,,
  Sunrise Soft Tofu,34,1.91,0.31,0.76,0.76,0.76,3.82,15.3,0,133.88
   65 g,,,,,,,,,,
  Great Value Flaked Light Skipjack Tuna,99,0.66,0.33,0,0,0,24.75,264,49.5,
   99 ml,,,,,,,,,,
  President's Choice Organics Quinoa,320,5,0.8,62,8,2,12,0,0,600
   2 x 1/4 cup (90 g),,,,,,,,,,
 Snacks/Other,242,16.25,6.75,17.5,3,9.5,10,170,0,75
  Nature Valley Protein Peanut Butter & Dark Chocolate,180,11,3.5,14,2,8,9,170,0,
"   1 bar, 37 g",,,,,,,,,,
  Our Finest 85% Swiss Dark Chocolate,62,5.25,3.25,3.5,1,1.5,1,,,75
   1/4 x 4 squares (10 g),,,,,,,,,,
,,,,,,,,,,
"Sunday, June 2, 2024",2304,88.74,33.346,254.14,25.81,46.75,135.72,1202.77,530,1428.16
 Breakfast,500,10.33,2.52,62.3,9.36,11.42,42.39,126.35,0,462.5
  Six Star Whey Protein +,145,2.13,1.28,6.81,,1.7,25.53,0,0,
   40 g,,,,,,,,,,
  Great Value Original Granola,160,1.82,0.36,31.99,4.36,8.72,4.36,36.35,0,
   40 g,,,,,,,,,,
  Great Value Quick Oats,105,1.88,0.38,19.5,3,0,4.5,0,0,112.5
   3/4 x 1/2 cup (30 g),,,,,,,,,,
  Silk Unsweetened Fortified Soy Beverage,90,4.5,0.5,4,2,1,8,90,,350
   1 cup (250 ml),,,,,,,,,,
 Lunch,999,36.43,12.714,117.9,5.66,0.2,52.44,429.02,114,618.66
  Ground Beef (90% Lean / 10% Fat) ,253,14.4,5.844,0,0,0,28.8,95,94,462
   144 g,,,,,,,,,,
  Great Value Chickpeas,86,1.37,0.2,14.11,2.74,,4.31,94.08,,
   98 ml,,,,,,,,,,
  Terra Delyssa Extra Virgin Olive Oil,120,14,2,0,0,0,0,0,0,0
   1 tbsp (15 ml),,,,,,,,,,
  Great Value Partly Skim Mozzarella,107,6.66,4.67,2.67,1.33,0,10.66,239.94,20,26.66
   40 g,,,,,,,,,,
  President's Choice Basmati Rice,433,0,0,101.12,1.59,0.2,8.67,0,0,130
   130 g,,,,,,,,,,
 Dinner,425,17.98,7.612,39.94,8.79,6.13,27.89,387.4,381,347
  Raspberries ,34,0.43,0.013,7.88,4.3,2.92,0.79,1,0,100
   66 g,,,,,,,,,,
  Wonder 100% Whole Wheat Bread (75g),168,2.94,0.84,30.24,3.36,2.52,6.72,260.4,0,126
   63 g,,,,,,,,,,
  Egg,132,8.95,2.789,0.69,0,0.69,11.32,126,381,121
   90 g,,,,,,,,,,
  Ziggy's Internationale Pizza Mozzarella,91,5.66,3.97,1.13,1.13,,9.06,,,
   34 g,,,,,,,,,,
 Snacks/Other,380,24,10.5,34,2,29,13,260,35,
"  Val Nature Proteines Saveur Arachides, Amandes et Chocolat Noir",180,11,2.5,12,2,8,11,180,0,
   1 barre (37 g),,,,,,,,,,
  Tim Hortons Double Double Coffee - Medium,200,13,8,22,0,21,2,80,35,
   1 serving,,,,,,,,,,
,,,,,,,,,,
"Monday, June 3, 2024",2369,99.31,23.784,239.59,29.61,71.79,145.19,2383.89,575.82,2427.92
 Breakfast,661,24.35,5.936,69.18,7.59,35.27,42.1,632.12,393.08,1086.27
  Liberte Greek Yogurt - Blood Orange,106,0,,17.29,0,14.63,7.98,33.25,,
   133 g,,,,,,,,,,
  Bananas,100,0.37,0.125,25.58,2.9,13.7,1.22,1,0,401
   112 g,,,,,,,,,,
  Egg,135,9.14,2.851,0.71,0,0.71,11.57,129,389,123
   92 g,,,,,,,,,,
  Dairyland 1% Cottage Cheese,45,0.41,0.2,2.86,0,2.86,6.94,220.32,4.08,81.6
   51 g,,,,,,,,,,
  Wonder 100% Whole Wheat Bread (75g),77,1.35,0.39,13.93,1.55,1.16,3.1,119.97,0,58.05
   29 g,,,,,,,,,,
  Silk Unsweetened Fortified Soy Beverage,84,4.21,0.47,3.74,1.87,0.94,7.49,84.24,,327.6
   234 ml,,,,,,,,,,
  No Name Smooth Peanut Butter,114,8.87,1.9,5.07,1.27,1.27,3.8,44.34,0,95.02
   19 g,,,,,,,,,,
 Lunch,698,7.99,3.535,136.18,12.32,16.98,27.97,395.8,15,1128.65
  Kiwi Fruit,55,0.47,0.026,13.19,2.7,8.09,1.03,3,0,281
   90 g,,,,,,,,,,
  Mutti Passata,37,0,0,7.33,1.83,5.5,1.83,210.8,0,458.25
   110 ml,,,,,,,,,,
  Great Value Partly Skim Mozzarella,80,5,3.5,2,1,0,8,180,15,20
   1/3 cup (30 g),,,,,,,,,,
  No Name Elbow Macaroni,511,2.47,,110.35,6.59,3.29,16.47,0,0,329.4
   140 g,,,,,,,,,,
  Garlic ,15,0.05,0.009,3.31,0.2,0.1,0.64,2,0,40
   10 g,,,,,,,,,,
 Dinner,508,31.72,5.063,3.73,2.7,1.04,56.12,1150.97,157.74,138
  Terra Delyssa Extra Virgin Olive Oil,160,18.66,2.67,0,0,0,0,0,0,0
   20 ml,,,,,,,,,,
  Great Value Flaked Light Skipjack Tuna,99,0.66,0.33,0,0,0,24.75,264,49.5,
   99 ml,,,,,,,,,,
  Catch of The Day Basa Fillets,230,12.18,2.03,0,0,0,29.77,662.97,108.24,0
   230 g,,,,,,,,,,
"  Cooked Cauliflower (from Frozen, Fat Not Added in Cooking)",19,0.22,0.033,3.73,2.7,1.04,1.6,224,0,138
   100 g,,,,,,,,,,
 Snacks/Other,502,35.25,9.25,30.5,7,18.5,19,205,10,75
  No Name Whole Almonds,190,15,1,7,4,1,6,0,0,
   1/4 cup (30 g),,,,,,,,,,
  Our Finest 85% Swiss Dark Chocolate,62,5.25,3.25,3.5,1,1.5,1,,,75
   1/4 x 4 squares (10 g),,,,,,,,,,
"  Val Nature Proteines Saveur Arachides, Amandes et Chocolat Noir",180,11,2.5,12,2,8,11,180,0,
"   1 barre, 37 g",,,,,,,,,,
  Tim Hortons Regular Coffee - Small,70,4,2.5,8,0,8,1,25,10,
   1 serving,,,,,,,,,,
,,,,,,,,,,
"Tuesday, June 4, 2024",2271,79.77,26.05,277.07,42.07,67.15,124.66,1368.01,451.6,2886.84
 Breakfast,616,22.72,5.618,64.19,6.74,32.7,39.03,606.29,355.24,931.83
  Bananas,85,0.31,0.106,21.7,2.5,11.62,1.04,1,0,340
   95 g,,,,,,,,,,
  Egg,122,8.25,2.572,0.64,0,0.64,10.44,116,351,111
   83 g,,,,,,,,,,
  Liberte Greek Yogurt - Blood Orange,104,0,,16.9,0,14.3,7.8,32.5,,
   130 g,,,,,,,,,,
  Dairyland 1% Cottage Cheese,47,0.42,0.21,2.97,0,2.97,7.21,228.96,4.24,84.8
   53 g,,,,,,,,,,
  Wonder 100% Whole Wheat Bread (75g),77,1.35,0.39,13.93,1.55,1.16,3.1,119.97,0,58.05
   29 g,,,,,,,,,,
  Silk Unsweetened Fortified Soy Beverage,61,3.06,0.34,2.72,1.36,0.68,5.44,61.2,,238
   170 ml,,,,,,,,,,
  No Name Smooth Peanut Butter,120,9.33,2,5.33,1.33,1.33,4,46.66,0,99.98
   20 g,,,,,,,,,,
 Lunch,857,20.11,5.52,130.44,5.56,6.44,44,546.72,86.36,375.01
  Strawberries ,43,0.4,0.02,10.21,2.7,6.2,0.89,1,0,203
   133 g,,,,,,,,,,
  No Name Tuna,107,0.71,,0,0,0,24.98,365.72,71.36,
   107 g,,,,,,,,,,
  Terra Delyssa Extra Virgin Olive Oil,120,14,2,0,0,0,0,0,0,0
   1 tbsp (15 ml),,,,,,,,,,
  Great Value Partly Skim Mozzarella,80,5,3.5,2,1,0,8,180,15,20
   1/3 cup (30 g),,,,,,,,,,
  President's Choice Basmati Rice,507,0,0,118.23,1.86,0.24,10.13,0,0,152.01
   152 g,,,,,,,,,,
 Dinner,486,16.69,5.662,56.94,26.77,10.51,30.63,20,0,1505
  Terra Delyssa Extra Virgin Olive Oil,80,9.34,1.33,0,0,0,0,0,0,0
   10 ml,,,,,,,,,,
  Tomatoes,48,0.53,0.123,10.47,3.2,7.02,2.35,13,0,633
   267 g,,,,,,,,,,
  Cucumber (Peeled) ,18,0.24,0.02,3.24,1,2.07,0.88,3,0,204
   150 g,,,,,,,,,,
  Ziggy's Internationale Pizza Mozzarella,93,5.84,4.08,1.17,1.17,,9.34,,,
   35 g,,,,,,,,,,
  Lentils ,247,0.74,0.109,42.06,21.4,1.42,18.06,4,0,668
   70 g,,,,,,,,,,
 Snacks/Other,312,20.25,9.25,25.5,3,17.5,11,195,10,75
  Our Finest 85% Swiss Dark Chocolate,62,5.25,3.25,3.5,1,1.5,1,,,75
   1/4 x 4 squares (10 g),,,,,,,,,,
  Tim Hortons Regular Coffee - Small,70,4,2.5,8,0,8,1,25,10,
   1 serving,,,,,,,,,,
  Nature Valley Protein Peanut Butter & Dark Chocolate,180,11,3.5,14,2,8,9,170,0,
"   1 bar, 37 g",,,,,,,,,,
,,,,,,,,,,
"Wednesday, June 5, 2024",2370,87.93,24.261,244,30.72,78.92,153.56,2386.52,579.33,1903.92
 Breakfast,694,24.11,5.98,79.68,8.19,40.8,41.11,627.52,355.24,1091.78
  Bananas,125,0.47,0.158,32.2,3.7,17.24,1.54,1,0,505
   141 g,,,,,,,,,,
  Liberte Greek Yogurt - Blood Orange,120,0,,19.5,0,16.5,9,37.5,,
   150 g,,,,,,,,,,
  Egg,122,8.25,2.572,0.64,0,0.64,10.44,116,351,111
   83 g,,,,,,,,,,
  Dairyland 1% Cottage Cheese,47,0.42,0.21,2.97,0,2.97,7.21,228.96,4.24,84.8
   53 g,,,,,,,,,,
  Wonder 100% Whole Wheat Bread (75g),88,1.54,0.44,15.84,1.76,1.32,3.52,136.4,0,66
   33 g,,,,,,,,,,
  Silk Unsweetened Fortified Soy Beverage,54,2.7,0.3,2.4,1.2,0.6,4.8,54,,210
   150 ml,,,,,,,,,,
  No Name Smooth Peanut Butter,138,10.73,2.3,6.13,1.53,1.53,4.6,53.66,0,114.98
   23 g,,,,,,,,,,
 Lunch,665,16.29,4.211,112.8,11.16,6.64,22.75,387.25,12.34,410.14
  Great Value Partly Skim Mozzarella,53,3.34,2.33,1.33,0.67,0,5.34,120.06,10,13.34
   20 g,,,,,,,,,,
  Classico Basil Pesto,107,10.27,1.87,1.87,0.47,0.93,1.4,266.19,2.34,
   28 g,,,,,,,,,,
  Raspberries ,31,0.39,0.011,7.16,3.9,2.65,0.72,1,0,91
   60 g,,,,,,,,,,
  No Name Elbow Macaroni,474,2.29,,102.44,6.12,3.06,15.29,0,0,305.8
   130 g,,,,,,,,,,
 Dinner,450,8.53,3.6,12.05,5.1,6.01,71.3,1068.75,191.75,282
  Great Value Bold Deli Style Prepared Mustard,50,0,0,0,0,0,3,600,0,
   10 x 1 tsp (50 g),,,,,,,,,,
  Our Finest 85% Swiss Dark Chocolate,62,5.25,3.25,3.5,1,1.5,1,,,75
"   1/4 x 4 squares, 10 g",,,,,,,,,,
  Lilydale Chicken Breast Boneless Skinless,310,2.95,0.3,2.95,0,2.95,64.9,132.75,191.75,0
   295 g,,,,,,,,,,
"  Cooked Cauliflower (from Frozen, Fat Not Added in Cooking)",28,0.33,0.05,5.6,4.1,1.56,2.4,336,0,207
   150 g,,,,,,,,,,
 Snacks/Other,561,39,10.47,39.47,6.27,25.47,18.4,303,20,120
  No Name Whole Almonds,127,10,0.67,4.67,2.67,0.67,4,0,0,
   20 g,,,,,,,,,,
  President's Choice Lightly Seasoned Peanuts,124,10,1.8,4.8,1.6,0.8,4.4,88,0,120
   20 g,,,,,,,,,,
  Tim Hortons Double Double Coffee - Small,130,8,4.5,16,0,16,1,45,20,
   1 serving,,,,,,,,,,
  Nature Valley Protein Peanut Butter & Dark Chocolate,180,11,3.5,14,2,8,9,170,0,
"   1 bar, 37 g",,,,,,,,,,
,,,,,,,,,,
"Thursday, June 6, 2024",2336,79.11,23.669,307.06,38.07,81.05,118.46,1703.49,457.16,2947.97
 Breakfast,637,22.42,5.585,71.26,7.23,36.73,38.42,567.99,354.52,977.38
  Bananas,106,0.39,0.133,27.18,3.1,14.55,1.3,1,0,426
   119 g,,,,,,,,,,
  Egg,122,8.25,2.572,0.64,0,0.64,10.44,116,351,111
   83 g,,,,,,,,,,
  Liberte Greek Yogurt - Blood Orange,116,0,,18.85,0,15.95,8.7,36.25,,
   145 g,,,,,,,,,,
  Dairyland 1% Cottage Cheese,39,0.35,0.18,2.46,0,2.46,5.98,190.08,3.52,70.4
   44 g,,,,,,,,,,
  Wonder 100% Whole Wheat Bread (75g),80,1.4,0.4,14.4,1.6,1.2,3.2,124,0,60
   30 g,,,,,,,,,,
  Silk Unsweetened Fortified Soy Beverage,54,2.7,0.3,2.4,1.2,0.6,4.8,54,,210
   150 ml,,,,,,,,,,
  No Name Smooth Peanut Butter,120,9.33,2,5.33,1.33,1.33,4,46.66,0,99.98
   20 g,,,,,,,,,,
 Lunch,607,6.02,2.973,120.68,11.6,10.05,23.64,308.86,10,826.79
  Raspberries ,23,0.29,0.008,5.25,2.9,1.94,0.53,0,0,66
   44 g,,,,,,,,,,
  Great Value Partly Skim Mozzarella,53,3.34,2.33,1.33,0.67,0,5.34,120.06,10,13.34
   20 g,,,,,,,,,,
  Mutti Passata,33,0,0,6.53,1.63,4.9,1.63,187.8,0,408.25
   98 ml,,,,,,,,,,
  No Name Spaghettini,489,2.36,0.63,105.59,6.3,3.15,15.76,0,0,315.2
   134 g,,,,,,,,,,
  Garlic ,9,0.03,0.005,1.98,0.1,0.06,0.38,1,0,24
   6 g,,,,,,,,,,
 Dinner,720,26.42,3.861,81.62,16.24,8.77,45.4,611.64,72.64,1068.8
  President's Choice Organics Quinoa,249,3.89,0.62,48.24,6.22,1.56,9.34,0,0,466.8
   70 g,,,,,,,,,,
  Terra Delyssa Extra Virgin Olive Oil,176,20.54,2.93,0,0,0,0,0,0,0
   22 ml,,,,,,,,,,
  Tomatoes,33,0.37,0.085,7.21,2.2,4.84,1.62,9,0,436
   184 g,,,,,,,,,,
  Cucumber (Peeled) ,15,0.2,0.016,2.64,0.9,1.68,0.72,2,0,166
   122 g,,,,,,,,,,
  Compliments Romano Beans,138,0.69,0.21,23.53,6.92,0.69,8.3,228.36,0,
   173 ml,,,,,,,,,,
  No Name Tuna,109,0.73,,0,0,0,25.42,372.28,72.64,
   109 g,,,,,,,,,,
 Snacks/Other,372,24.25,11.25,33.5,3,25.5,11,215,20,75
  Our Finest 85% Swiss Dark Chocolate,62,5.25,3.25,3.5,1,1.5,1,,,75
   1/4 x 4 squares (10 g),,,,,,,,,,
  Tim Hortons Double Double Coffee - Small,130,8,4.5,16,0,16,1,45,20,
   1 serving,,,,,,,,,,
  Nature Valley Protein Peanut Butter & Dark Chocolate,180,11,3.5,14,2,8,9,170,0,
"   1 bar, 37 g",,,,,,,,,,
,,,,,,,,,,
"Friday, June 7, 2024",2664,91.14,24.705,337.37,54.22,95.93,142.48,1687.75,450.84,3207.3
 Breakfast,675,25.25,6.12,77.61,8.09,38.9,35.83,413.56,360,984.98
  Egg,125,8.45,2.634,0.65,0,0.65,10.69,119,360,114
   85 g,,,,,,,,,,
  Bananas,116,0.43,0.146,29.69,3.4,15.9,1.42,1,0,465
   130 g,,,,,,,,,,
  Silk Unsweetened Fortified Soy Beverage,54,2.7,0.3,2.4,1.2,0.6,4.8,54,,210
   150 ml,,,,,,,,,,
  No Name Smooth Peanut Butter,156,12.13,2.6,6.93,1.73,1.73,5.2,60.66,0,129.98
   26 g,,,,,,,,,,
  Liberte Greek Yogurt - Blood Orange,136,0,,22.1,0,18.7,10.2,42.5,,
   170 g,,,,,,,,,,
  Wonder 100% Whole Wheat Bread (75g),88,1.54,0.44,15.84,1.76,1.32,3.52,136.4,0,66
   33 g,,,,,,,,,,
 Lunch,842,22.9,6.909,137.75,12.63,13.85,28.94,562.19,18.34,668
  Strawberries ,62,0.58,0.029,14.82,3.9,8.99,1.29,2,0,295
   193 g,,,,,,,,,,
  Classico Basil Pesto,153,14.67,2.67,2.67,0.67,1.33,2,380.19,3.34,
   40 g,,,,,,,,,,
  Great Value Partly Skim Mozzarella,80,5,3.5,2,1,0,8,180,15,20
   1/3 cup (30 g),,,,,,,,,,
  No Name Spaghettini,547,2.65,0.71,118.26,7.06,3.53,17.65,0,0,353
   150 g,,,,,,,,,,
 Dinner,779,23.97,3.676,77.65,31.5,7.8,67.71,493,52.5,1553.32
  Great Value Flaked Light Skipjack Tuna,105,0.7,0.35,0,0,0,26.25,280,52.5,
   1 3/4 x 1/2 can (105 ml),,,,,,,,,,
  Compliments Romano Beans,120,0.6,0.18,20.4,6,0.6,7.2,198,0,
   150 ml,,,,,,,,,,
  Tomatoes,39,0.43,0.099,8.47,2.6,5.68,1.9,11,0,512
   216 g,,,,,,,,,,
  Terra Delyssa Extra Virgin Olive Oil,120,14,2,0,0,0,0,0,0,0
   1 tbsp (15 ml),,,,,,,,,,
  Sunrise Medium Firm Tofu,130,7.44,0.93,3.72,0,0,13.01,0,0,325.32
   158 g,,,,,,,,,,
  Lentils ,265,0.8,0.117,45.06,22.9,1.52,19.35,4,0,716
   75 g,,,,,,,,,,
 Snacks/Other,368,19.02,8,44.36,2,35.38,10,219,20,1
  Tim Hortons Double Double Coffee - Small,130,8,4.5,16,0,16,1,45,20,
   1 serving,,,,,,,,,,
  Candy,58,0.02,0,14.36,0,11.38,0,4,0,1
   15 g,,,,,,,,,,
  Nature Valley Protein Peanut Butter & Dark Chocolate,180,11,3.5,14,2,8,9,170,0,
"   1 bar, 37 g",,,,,,,,,,
,,,,,,,,,,
"Saturday, June 8, 2024",2132,60.93,22.682,287.89,30.73,98.25,123.61,986.38,159,3560.08
 Breakfast,569,12.22,2.77,71.59,11.09,13.93,46.04,164.25,0,574.5
  Six Star Whey Protein +,145,2.13,1.28,6.81,,1.7,25.53,0,0,
   40 g,,,,,,,,,,
  Great Value Original Granola,200,2.27,0.45,40,5.45,10.91,5.45,45.45,0,
   50 g,,,,,,,,,,
  Great Value Quick Oats,105,1.88,0.38,19.5,3,0,4.5,0,0,112.5
   3/4 x 1/2 cup (30 g),,,,,,,,,,
  Silk Unsweetened Fortified Soy Beverage,119,5.94,0.66,5.28,2.64,1.32,10.56,118.8,,462
   330 ml,,,,,,,,,,
 Lunch,532,6.78,3.167,108.74,8.54,33.23,16.92,294.13,16,546.8
  Mango,135,0.56,0.137,35.19,3.7,30.64,1.06,4,0,323
   1 mango,,,,,,,,,,
  Great Value Partly Skim Mozzarella,48,3,2.1,1.2,0.6,0,4.8,108,9,12
   18 g,,,,,,,,,,
  Classico Alfredo Pasta Sauce,21,1.63,0.93,1.4,0,0.47,0.47,182.13,7,0
   28 ml,,,,,,,,,,
  No Name Elbow Macaroni,328,1.59,,70.95,4.24,2.12,10.59,0,0,211.8
   90 g,,,,,,,,,,
 Dinner,771,25.93,7.745,75.56,11.1,19.09,58.65,438,103,2438.78
  Great Value Bold Deli Style Prepared Mustard,15,0,0,0,0,0,0.9,180,0,
   3 x 1 tsp (15 g),,,,,,,,,,
  Onions ,58,0.11,0.036,13.95,1.9,5.91,1.27,4,0,199
   138 g,,,,,,,,,,
  Sunrise Medium Firm Tofu,165,9.41,1.18,4.71,0,0,16.47,0,0,411.78
   200 g,,,,,,,,,,
  Mushrooms ,31,0.48,0.07,4.59,1.4,2.31,4.33,7,0,445
   140 g,,,,,,,,,,
  Ground Beef (90% Lean / 10% Fat) ,278,15.8,6.412,0,0,0,31.6,104,103,507
   158 g,,,,,,,,,,
  Sweet Potato ,224,0.13,0.047,52.31,7.8,10.87,4.08,143,0,876
   260 g,,,,,,,,,,
 Snacks/Other,260,16,9,32,0,32,2,90,40,
  Tim Hortons Double Double Coffee - Small,260,16,9,32,0,32,2,90,40,
   2 x 1 serving,,,,,,,,,,
,,,,,,,,,,
"Sunday, June 9, 2024",2365,54.16,22.571,347.84,54.6,77.18,142.34,1111.32,117,3128.37
 Breakfast,622,12.6,2.83,85.1,12.95,15.86,45.76,162.55,0,570
  Six Star Whey Protein +,134,1.97,1.18,6.3,,1.57,23.61,0,0,
   37 g,,,,,,,,,,
  Great Value Original Granola,240,2.73,0.55,48,6.55,13.09,6.55,54.55,0,
   60 g,,,,,,,,,,
  Great Value Quick Oats,140,2.5,0.5,26,4,0,6,0,0,150
   1/2 cup (40 g),,,,,,,,,,
  Silk Unsweetened Fortified Soy Beverage,108,5.4,0.6,4.8,2.4,1.2,9.6,108,,420
   300 ml,,,,,,,,,,
 Lunch,822,8.51,4.613,166.66,14.65,29.16,30.25,415.52,16,1448.59
  Bananas ,123,0.46,0.155,31.52,3.6,16.88,1.5,1,0,494
   138 g,,,,,,,,,,
  Great Value Partly Skim Mozzarella,85,5.34,3.73,2.13,1.07,0,8.54,192.06,16,21.34
   32 g,,,,,,,,,,
  No Name Spaghettini,547,2.65,0.71,118.26,7.06,3.53,17.65,0,0,353
   150 g,,,,,,,,,,
  Mutti Passata,38,0,0,7.67,1.92,5.75,1.92,220.46,0,479.25
   115 ml,,,,,,,,,,
  Onions ,29,0.06,0.018,7.08,1,3,0.64,2,0,101
   70 g,,,,,,,,,,
 Dinner,571,16.05,4.628,55.08,26,3.16,53.33,343.25,66,1059.78
  Our Finest 85% Swiss Dark Chocolate,62,5.25,3.25,3.5,1,1.5,1,,,75
   1/4 x 4 squares (10 g),,,,,,,,,,
  Terra Delyssa Extra Virgin Olive Oil,40,4.66,0.67,0,0,0,0,0,0,0
   5 ml,,,,,,,,,,
  No Name Tuna,99,0.66,,0,0,0,23.1,338.25,66,
   99 g,,,,,,,,,,
  Lentils,289,0.87,0.128,49.27,25,1.66,21.16,5,0,783
   82 g,,,,,,,,,,
  Sunrise Medium Firm Tofu,81,4.61,0.58,2.31,0,0,8.07,0,0,201.78
   98 g,,,,,,,,,,
 Snacks/Other,350,17,10.5,41,1,29,13,190,35,50
  Great Value Strawberry & Yogurt Protein Bar,150,4,2.5,19,1,8,11,110,0,50
   1 bar (37 g),,,,,,,,,,
  Tim Hortons Double Double Coffee - Medium,200,13,8,22,0,21,2,80,35,
   1 serving,,,,,,,,,,
,,,,,,,,,,
"Monday, June 10, 2024",2318,71.44,22.251,301.42,44.3,106.03,137.34,1878.21,654.07,3542.63
 Breakfast,798,32.28,8.109,72.94,8.94,33.86,54.89,962.31,566.57,1358.03
  Astro 0% Original Plain Yogurt,69,0,0,9.43,0,6.86,6.86,64.28,8.57,
   150 g,,,,,,,,,,
  Egg,191,12.92,4.029,1,0,1,16.35,182,550,174
   130 g,,,,,,,,,,
  Dairyland 1% Cottage Cheese,88,0.8,0.4,5.6,0,5.6,13.6,432,8,160
   100 g,,,,,,,,,,
  Bananas,119,0.44,0.15,30.61,3.5,16.39,1.46,1,0,480
   134 g,,,,,,,,,,
  No Name Smooth Peanut Butter,156,12.13,2.6,6.93,1.73,1.73,5.2,60.66,0,129.98
   26 g,,,,,,,,,,
  Silk Unsweetened Fortified Soy Beverage,90,4.5,0.5,4,2,1,8,90,,350
   1 cup (250 ml),,,,,,,,,,
  Wonder 100% Whole Wheat Bread (75g),85,1.49,0.43,15.37,1.71,1.28,3.42,132.37,0,64.05
   32 g,,,,,,,,,,
 Lunch,758,7.98,4.29,154.65,13.25,40.46,26.9,358.5,15,1107.6
  Great Value Partly Skim Mozzarella,80,5,3.5,2,1,0,8,180,15,20
   1/3 cup (30 g),,,,,,,,,,
  Mango,135,0.56,0.137,35.19,3.7,30.64,1.06,4,0,323
   1 mango,,,,,,,,,,
  Onions,21,0.04,0.013,5.06,0.7,2.14,0.46,2,0,72
   50 g,,,,,,,,,,
  No Name Spaghettini,492,2.38,0.64,106.4,6.35,3.18,15.88,0,0,317.6
   135 g,,,,,,,,,,
  Mutti Passata,30,0,0,6,1.5,4.5,1.5,172.5,0,375
   1 1/2 x 1/4 cup (90 ml),,,,,,,,,,
 Dinner,321,1.68,0.532,38.86,17.9,6.94,41.13,294,52.5,1011
  Great Value Flaked Light Skipjack Tuna,105,0.7,0.35,0,0,0,26.25,280,52.5,
   1 3/4 x 1/2 can (105 ml),,,,,,,,,,
  Tomatoes,40,0.45,0.104,8.82,2.7,5.92,1.98,11,0,533
   225 g,,,,,,,,,,
  Lentils,176,0.53,0.078,30.04,15.2,1.02,12.9,3,0,478
   50 g,,,,,,,,,,
 Snacks/Other,441,29.5,9.32,34.97,4.21,24.77,14.42,263.4,20,66
  No Name Whole Almonds,63,5,0.33,2.33,1.33,0.33,2,0,0,
   10 g,,,,,,,,,,
  President's Choice Lightly Seasoned Peanuts,68,5.5,0.99,2.64,0.88,0.44,2.42,48.4,0,66
   11 g,,,,,,,,,,
  Tim Hortons Double Double Coffee - Small,130,8,4.5,16,0,16,1,45,20,
   1 serving,,,,,,,,,,
  Nature Valley Protein Peanut Butter & Dark Chocolate,180,11,3.5,14,2,8,9,170,0,
"   1 bar, 37 g",,,,,,,,,,
,,,,,,,,,,
"Tuesday, June 11, 2024",3384,98.66,46.815,478.89,28.21,87.99,164.7,4850.41,820.57,2289.78
 Breakfast,828,34.39,8.759,72.71,8.9,33.16,57.64,1002.71,650.57,1362.03
  Bananas,112,0.42,0.141,28.78,3.3,15.41,1.37,1,0,451
   126 g,,,,,,,,,,
  Egg,220,14.91,4.648,1.16,0,1.16,18.87,210,634,201
   150 g,,,,,,,,,,
  Astro 0% Original Plain Yogurt,69,0,0,9.43,0,6.86,6.86,64.28,8.57,
   150 g,,,,,,,,,,
  Dairyland 1% Cottage Cheese,88,0.8,0.4,5.6,0,5.6,13.6,432,8,160
   100 g,,,,,,,,,,
  Wonder 100% Whole Wheat Bread (75g),93,1.63,0.47,16.81,1.87,1.4,3.74,144.77,0,70.05
   35 g,,,,,,,,,,
  Silk Unsweetened Fortified Soy Beverage,90,4.5,0.5,4,2,1,8,90,,350
"   1 cup, 250 ml",,,,,,,,,,
  No Name Smooth Peanut Butter,156,12.13,2.6,6.93,1.73,1.73,5.2,60.66,0,129.98
   26 g,,,,,,,,,,
 Lunch,766,7.27,3.556,157.18,10.31,17.83,22.06,377.7,15,877.75
  Selection Basmati Rice,551,1.72,0,123.98,3.44,0,10.33,,,
   155 g,,,,,,,,,,
  Kiwi Fruit,54,0.46,0.026,12.9,2.6,7.91,1,3,0,275
   88 g,,,,,,,,,,
  Great Value Partly Skim Mozzarella,80,5,3.5,2,1,0,8,180,15,20
"   1/3 cup, 30 g",,,,,,,,,,
  Mutti Passata,33,0,0,6.67,1.67,5,1.67,191.7,0,416.75
   100 ml,,,,,,,,,,
  Onions ,48,0.09,0.03,11.63,1.6,4.92,1.06,3,0,166
   115 g,,,,,,,,,,
 Dinner,1440,40,24,208,8,8,72,3280,120,
  Pizza Pizza Cheese Slice,1440,40,24,208,8,8,72,3280,120,
"   8 x 1 slice, 680 g",,,,,,,,,,
 Snacks/Other,350,17,10.5,41,1,29,13,190,35,50
  Tim Hortons Double Double Coffee - Medium,200,13,8,22,0,21,2,80,35,
   1 serving,,,,,,,,,,
  Great Value Strawberry & Yogurt Protein Bar,150,4,2.5,19,1,8,11,110,0,50
"   1 bar, 37 g",,,,,,,,,,
,,,,,,,,,,
"Wednesday, June 12, 2024",2148,64.37,26.3,232.75,18.12,77.37,164.2,1497.25,408,506.8
 Breakfast,,,,,,,,,,
 Lunch,757,11.12,6.05,142.55,9.24,4.99,29.46,518.13,28,431.8
  Great Value Partly Skim Mozzarella,80,5,3.5,2,1,0,8,180,15,20
   1/3 cup (30 g),,,,,,,,,,
  No Name Spaghettini,638,3.09,0.82,137.95,8.24,4.12,20.59,0,0,411.8
   175 g,,,,,,,,,,
  Classico Alfredo Pasta Sauce,39,3.03,1.73,2.6,0,0.87,0.87,338.13,13,0
   52 ml,,,,,,,,,,
 Dinner,749,19,2.5,19.7,5.88,10.88,114.74,629.12,325,0
  Great Value Bold Deli Style Prepared Mustard,30,0,0,0,0,0,1.8,360,0,
   6 x 1 tsp (30 g),,,,,,,,,,
  Terra Delyssa Extra Virgin Olive Oil,120,14,2,0,0,0,0,0,0,0
   1 tbsp (15 ml),,,,,,,,,,
  Lilydale Chicken Breast Boneless Skinless,525,5,0.5,5,0,5,110,225,325,0
   500 g,,,,,,,,,,
"  Compliments Garden Blend Green Beans, Wax Beans & Baby Carrots",74,0,0,14.7,5.88,5.88,2.94,44.12,0,
   250 g,,,,,,,,,,
 Snacks/Other,642,34.25,17.75,70.5,3,61.5,20,350,55,75
  Nature Valley Protein Peanut Butter & Dark Chocolate,180,11,3.5,14,2,8,9,170,0,
"   1 bar, 37 g",,,,,,,,,,
  Our Finest 85% Swiss Dark Chocolate,62,5.25,3.25,3.5,1,1.5,1,,,75
   1/4 x 4 squares (10 g),,,,,,,,,,
  Tim Hortons Original Iced Latte - Medium,200,5,3,31,0,31,8,100,20,
   1 serving,,,,,,,,,,
  Tim Hortons Double Double Coffee - Medium,200,13,8,22,0,21,2,80,35,
   1 serving,,,,,,,,,,
,,,,,,,,,,
"Thursday, June 13, 2024",2517,85.38,28.225,293.52,56.3,104.46,159.14,2117.34,839.82,3399.88
 Breakfast,831,34.41,8.769,72.88,8.9,33.33,58.05,1015.67,650.81,1366.83
  Bananas,112,0.42,0.141,28.78,3.3,15.41,1.37,1,0,451
   126 g,,,,,,,,,,
  Astro 0% Original Plain Yogurt,69,0,0,9.43,0,6.86,6.86,64.28,8.57,
   150 g,,,,,,,,,,
  Egg,220,14.91,4.648,1.16,0,1.16,18.87,210,634,201
   150 g,,,,,,,,,,
  Dairyland 1% Cottage Cheese,91,0.82,0.41,5.77,0,5.77,14.01,444.96,8.24,164.8
   103 g,,,,,,,,,,
  Wonder 100% Whole Wheat Bread (75g),93,1.63,0.47,16.81,1.87,1.4,3.74,144.77,0,70.05
   35 g,,,,,,,,,,
  Silk Unsweetened Fortified Soy Beverage,90,4.5,0.5,4,2,1,8,90,,350
"   1 cup, 250 ml",,,,,,,,,,
  No Name Smooth Peanut Butter,156,12.13,2.6,6.93,1.73,1.73,5.2,60.66,0,129.98
   26 g,,,,,,,,,,
 Lunch,992,25,3.93,136.72,38.09,3.83,63.35,752.08,50.01,1662.05
  Terra Delyssa Extra Virgin Olive Oil,120,14,2,0,0,0,0,0,0,0
   1 tbsp (15 ml),,,,,,,,,,
  President's Choice Organics Quinoa,320,5,0.8,62,8,2,12,0,0,600
   2 x 1/4 cup (90 g),,,,,,,,,,
  Lentils,318,0.95,0.14,54.07,27.4,1.83,23.22,5,0,860
   90 g,,,,,,,,,,
  Great Value Flaked Light Skipjack Tuna,100,0.67,0.33,0,0,0,25,266.72,50.01,
   100 ml,,,,,,,,,,
  Great Value Sliced Black Olives,44,4.38,0.66,0,0,0,0.44,175.04,0,
   35 g,,,,,,,,,,
  No Name Sliced White Potatoes,90,0,0,20.65,2.69,0,2.69,305.32,0,202.05
   150 ml,,,,,,,,,,
 Dinner,294,7.97,4.526,30.92,9.31,15.3,27.74,169.59,84,371
  Our Finest 85% Swiss Dark Chocolate,75,6.3,3.9,4.2,1.2,1.8,1.2,,,90
   12 g,,,,,,,,,,
  Kiwi Fruit,55,0.47,0.026,13.19,2.7,8.09,1.03,3,0,281
   90 g,,,,,,,,,,
"  Compliments Garden Blend Green Beans, Wax Beans & Baby Carrots",68,0,0,13.53,5.41,5.41,2.71,40.59,0,
   230 g,,,,,,,,,,
  No Name Blue Cod Fillets,96,1.2,0.6,0,,,22.8,126,84,
   120 g,,,,,,,,,,
 Snacks/Other,400,18,11,53,0,52,10,180,55,
  Tim Hortons Original Iced Latte - Medium,200,5,3,31,0,31,8,100,20,
   1 serving,,,,,,,,,,
  Tim Hortons Double Double Coffee - Medium,200,13,8,22,0,21,2,80,35,
   1 serving,,,,,,,,,,
,,,,,,,,,,
"Friday, June 14, 2024",2586,86.58,28.758,304.29,51.79,138.46,163.67,1923.71,764.32,4191.87
 Breakfast,839,35.22,8.934,72.89,8.98,33.84,58.18,1007.95,650.81,1384.87
  Bananas,116,0.43,0.146,29.69,3.4,15.9,1.42,1,0,465
   130 g,,,,,,,,,,
  Egg,220,14.91,4.648,1.16,0,1.16,18.87,210,634,201
   150 g,,,,,,,,,,
  Astro 0% Original Plain Yogurt,69,0,0,9.43,0,6.86,6.86,64.28,8.57,
   150 g,,,,,,,,,,
  Dairyland 1% Cottage Cheese,91,0.82,0.41,5.77,0,5.77,14.01,444.96,8.24,164.8
   103 g,,,,,,,,,,
  Wonder 100% Whole Wheat Bread (75g),85,1.49,0.43,15.37,1.71,1.28,3.42,132.37,0,64.05
   32 g,,,,,,,,,,
  Silk Unsweetened Fortified Soy Beverage,90,4.5,0.5,4,2,1,8,90,,350
"   1 cup, 250 ml",,,,,,,,,,
  No Name Smooth Peanut Butter,168,13.07,2.8,7.47,1.87,1.87,5.6,65.34,0,140.02
   28 g,,,,,,,,,,
 Lunch,942,21.53,3.35,139.52,36.01,37.44,55.23,452.76,48.51,1668
  Mango,135,0.56,0.137,35.19,3.7,30.64,1.06,4,0,323
   1 mango,,,,,,,,,,
  Great Value Sliced Black Olives,44,4.38,0.66,0,0,0,0.44,175.04,0,
   35 g,,,,,,,,,,
  Tomatoes,33,0.37,0.085,7.25,2.2,4.87,1.63,9,0,438
   185 g,,,,,,,,,,
  Terra Delyssa Extra Virgin Olive Oil,120,14,2,0,0,0,0,0,0,0
   1 tbsp (15 ml),,,,,,,,,,
  Great Value Flaked Light Skipjack Tuna,97,0.65,0.32,0,0,0,24.26,258.72,48.51,
   97 ml,,,,,,,,,,
  Selection Basmati Rice,178,0.56,0,40,1.11,0,3.33,,,
   50 g,,,,,,,,,,
  Lentils,335,1.01,0.148,57.08,29,1.93,24.51,6,0,907
   95 g,,,,,,,,,,
 Dinner,455,12.83,5.974,50.88,5.8,38.18,37.26,273,30,1089
  Beatrice Bfit,300,4.5,2.5,31,1,27,34,270,30,650
   1 bottle (460 ml),,,,,,,,,,
  Almonds ,29,2.53,0.194,0.99,0.6,0.24,1.06,0,0,36
   5 g,,,,,,,,,,
  Our Finest 85% Swiss Dark Chocolate,62,5.25,3.25,3.5,1,1.5,1,,,75
   1/4 x 4 squares (10 g),,,,,,,,,,
  Kiwi Fruit,64,0.55,0.03,15.39,3.2,9.44,1.2,3,0,328
   105 g,,,,,,,,,,
 Snacks/Other,350,17,10.5,41,1,29,13,190,35,50
  Great Value Strawberry & Yogurt Protein Bar,150,4,2.5,19,1,8,11,110,0,50
"   1 bar, 37 g",,,,,,,,,,
  Tim Hortons Double Double Coffee - Medium,200,13,8,22,0,21,2,80,35,
   1 serving,,,,,,,,,,
,,,,,,,,,,
"Saturday, June 15, 2024",2667,89.51,29.024,309.73,29.03,84.83,171.99,2072.07,866.25,3194.64
 Breakfast,739,24.11,7.179,64.86,7.26,28.22,67.69,741.72,643.03,1226
  Bananas,120,0.45,0.151,30.83,3.5,16.51,1.47,1,0,483
   135 g,,,,,,,,,,
  Astro 0% Original Plain Yogurt,31,0,0,4.21,0,3.06,3.06,28.72,3.83,
   67 g,,,,,,,,,,
  Egg,220,14.91,4.648,1.16,0,1.16,18.87,210,634,201
   150 g,,,,,,,,,,
  Dairyland 1% Cottage Cheese,57,0.52,0.26,3.64,0,3.64,8.84,280.8,5.2,104
   65 g,,,,,,,,,,
  Six Star Whey Protein +,134,1.97,1.18,6.3,,1.57,23.61,0,0,
   37 g,,,,,,,,,,
  Wonder 100% Whole Wheat Bread (75g),80,1.4,0.4,14.4,1.6,1.2,3.2,124,0,60
   30 g,,,,,,,,,,
  Silk Unsweetened Fortified Soy Beverage,97,4.86,0.54,4.32,2.16,1.08,8.64,97.2,,378
   270 ml,,,,,,,,,,
 Lunch,711,14.82,6.06,127.04,7.97,4.82,24.75,575.19,27.5,378.14
  Terra Delyssa Extra Virgin Olive Oil,40,4.66,0.67,0,0,0,0,0,0,0
   5 ml,,,,,,,,,,
  Classico Alfredo Pasta Sauce,53,4.08,2.33,3.5,0,1.17,1.17,455.13,17.5,0
   70 ml,,,,,,,,,,
  Great Value Partly Skim Mozzarella,53,3.34,2.33,1.33,0.67,0,5.34,120.06,10,13.34
   20 g,,,,,,,,,,
  No Name Spaghettini,565,2.74,0.73,122.21,7.3,3.65,18.24,0,0,364.8
   155 g,,,,,,,,,,
 Dinner,1017,37.58,7.785,95.83,13.8,30.79,77.55,675.16,160.72,1590.5
  Great Value Bold Deli Style Prepared Mustard,27,0,0,0,0,0,1.62,324,0,
   27 g,,,,,,,,,,
  Our Finest 85% Swiss Dark Chocolate,69,5.78,3.58,3.85,1.1,1.65,1.1,,,82.5
   11 g,,,,,,,,,,
  Bananas ,119,0.44,0.15,30.61,3.5,16.39,1.46,1,0,480
   134 g,,,,,,,,,,
  No Name Boneless Skinless Chicken Breast,300,3.21,0,0,0,0,68.58,182.16,160.72,
   285 g,,,,,,,,,,
  Sweet Potato ,262,0.15,0.055,61.37,9.2,12.75,4.79,168,0,1028
   305 g,,,,,,,,,,
  Terra Delyssa Extra Virgin Olive Oil,240,28,4,0,0,0,0,0,0,0
   2 x 1 tbsp (30 ml),,,,,,,,,,
 Snacks/Other,200,13,8,22,0,21,2,80,35,
  Tim Hortons Double Double Coffee - Medium,200,13,8,22,0,21,2,80,35,
   1 serving,,,,,,,,,,
,,,,,,,,,,
"Sunday, June 16, 2024",2500,88.82,29.152,271.1,24.48,81.08,170.63,940.24,264.55,933.5
 Breakfast,613,12.4,2.76,84.68,12.91,15.76,44.34,160.75,0,563
  Six Star Whey Protein +,127,1.86,1.12,5.96,,1.49,22.35,0,0,
   35 g,,,,,,,,,,
  Great Value Original Granola,240,2.73,0.55,48,6.55,13.09,6.55,54.55,0,
   60 g,,,,,,,,,,
  Great Value Quick Oats,140,2.5,0.5,26,4,0,6,0,0,150
   1/2 cup (40 g),,,,,,,,,,
  Silk Unsweetened Fortified Soy Beverage,106,5.31,0.59,4.72,2.36,1.18,9.44,106.2,,413
   295 ml,,,,,,,,,,
 Lunch,1110,38.22,7.5,98.01,3.67,0,99.01,400.49,209.55,20
  Great Value Partly Skim Mozzarella,80,5,3.5,2,1,0,8,180,15,20
   1/3 cup (30 g),,,,,,,,,,
  Selection Basmati Rice,427,1.33,0,96.01,2.67,0,8,,,
   120 g,,,,,,,,,,
  No Name Boneless Skinless Chicken Breast,363,3.89,0,0,0,0,83.01,220.49,194.55,
   345 g,,,,,,,,,,
  Terra Delyssa Extra Virgin Olive Oil,240,28,4,0,0,0,0,0,0,0
   2 x 1 tbsp (30 ml),,,,,,,,,,
 Dinner,227,16.2,5.392,16.41,6.9,5.32,6.28,89,0,300.5
  President's Choice Lightly Seasoned Peanuts,124,10,1.8,4.8,1.6,0.8,4.4,88,0,120
   20 g,,,,,,,,,,
  Our Finest 85% Swiss Dark Chocolate,69,5.78,3.58,3.85,1.1,1.65,1.1,,,82.5
   11 g,,,,,,,,,,
  Raspberries ,34,0.42,0.012,7.76,4.2,2.87,0.78,1,0,98
   65 g,,,,,,,,,,
 Snacks/Other,550,22,13.5,72,1,60,21,290,55,50
  Tim Hortons Original Iced Latte - Medium,200,5,3,31,0,31,8,100,20,
   1 serving,,,,,,,,,,
  Great Value Strawberry & Yogurt Protein Bar,150,4,2.5,19,1,8,11,110,0,50
"   1 bar, 37 g",,,,,,,,,,
  Tim Hortons Double Double Coffee - Medium,200,13,8,22,0,21,2,80,35,
   1 serving,,,,,,,,,,
,,,,,,,,,,
"Monday, June 17, 2024",2709,90.51,24.525,324.71,30.26,159.71,158.92,2619.72,711.08,3149.1
 Breakfast,764,32.33,8.183,62.43,7.7,29.49,55.31,956.4,617.57,1241.8
  Bananas,89,0.33,0.112,22.84,2.6,12.23,1.09,1,0,358
   100 g,,,,,,,,,,
  Egg,209,14.11,4.401,1.09,0,1.09,17.86,199,601,190
   142 g,,,,,,,,,,
  Astro 0% Original Plain Yogurt,69,0,0,9.43,0,6.86,6.86,64.28,8.57,
   150 g,,,,,,,,,,
  Dairyland 1% Cottage Cheese,88,0.8,0.4,5.6,0,5.6,13.6,432,8,160
   100 g,,,,,,,,,,
  Wonder 100% Whole Wheat Bread (75g),72,1.26,0.36,12.96,1.44,1.08,2.88,111.6,0,54
   27 g,,,,,,,,,,
  Silk Unsweetened Fortified Soy Beverage,93,4.63,0.51,4.11,2.06,1.03,8.22,92.52,,359.8
   257 ml,,,,,,,,,,
  No Name Smooth Peanut Butter,144,11.2,2.4,6.4,1.6,1.6,4.8,56,0,120
   24 g,,,,,,,,,,
 Lunch,945,23.03,3.477,140.25,14.6,34.14,46.97,1106.52,48.51,572.3
  Mango,135,0.56,0.137,35.19,3.7,30.64,1.06,4,0,323
   1 mango,,,,,,,,,,
  No Name Sliced White Potatoes,111,0,0,25.48,3.32,0,3.32,376.72,0,249.3
   185 ml,,,,,,,,,,
  Great Value Sliced Black Olives,50,5,0.75,0,0,0,0.5,200,0,
   2 1/2 x 2 tbsp (40 g),,,,,,,,,,
  Terra Delyssa Extra Virgin Olive Oil,120,14,2,0,0,0,0,0,0,0
   1 tbsp (15 ml),,,,,,,,,,
  Great Value Flaked Light Skipjack Tuna,97,0.49,0.32,0,0,0,24.26,258.72,48.51,
   97 ml,,,,,,,,,,
  Great Value Chick Peas,143,2.04,0.27,23.12,4.76,0.68,7.48,265.2,,
   170 g,,,,,,,,,,
  Fiorfiore Spaghetti,289,0.94,,56.46,2.82,2.82,10.35,1.88,0,
   80 g,,,,,,,,,,
 Dinner,670,21.15,7.865,85.03,5.96,68.08,41.64,371.8,30,1335
  Grapes,172,0.4,0.135,45.25,2.2,38.7,1.8,5,0,478
   250 g,,,,,,,,,,
  President's Choice Lightly Seasoned Peanuts,136,11,1.98,5.28,1.76,0.88,4.84,96.8,0,132
   22 g,,,,,,,,,,
  Beatrice Bfit,300,4.5,2.5,31,1,27,34,270,30,650
   1 bottle (460 ml),,,,,,,,,,
  Our Finest 85% Swiss Dark Chocolate,62,5.25,3.25,3.5,1,1.5,1,,,75
   1/4 x 4 squares (10 g),,,,,,,,,,
 Snacks/Other,330,14,5,37,2,28,15,185,15,
  Tim Hortons Original Iced Latte - Small,150,4,2,22,0,22,6,80,15,
   1 serving,,,,,,,,,,
  Great Value Peanut Protein Bar,180,10,3,15,2,6,9,105,0,
   1 bar (37 g),,,,,,,,,,
,,,,,,,,,,
"Tuesday, June 18, 2024",2504,113.31,32.498,229.6,38.61,79.87,154.29,2143.51,704.56,2478.82
 Breakfast,773,32.88,8.317,62.97,7.81,29.06,55.72,970.42,617.57,1232.02
  Bananas,85,0.31,0.106,21.7,2.5,11.62,1.04,1,0,340
   95 g,,,,,,,,,,
  Astro 0% Original Plain Yogurt,69,0,0,9.43,0,6.86,6.86,64.28,8.57,
   150 g,,,,,,,,,,
  Egg,209,14.11,4.401,1.09,0,1.09,17.86,199,601,190
   142 g,,,,,,,,,,
  Dairyland 1% Cottage Cheese,88,0.8,0.4,5.6,0,5.6,13.6,432,8,160
   100 g,,,,,,,,,,
  Wonder 100% Whole Wheat Bread (75g),80,1.4,0.4,14.4,1.6,1.2,3.2,124,0,60
   30 g,,,,,,,,,,
  Silk Unsweetened Fortified Soy Beverage,92,4.59,0.51,4.08,2.04,1.02,8.16,91.8,,357
   255 ml,,,,,,,,,,
  No Name Smooth Peanut Butter,150,11.67,2.5,6.67,1.67,1.67,5,58.34,0,125.02
   25 g,,,,,,,,,,
 Lunch,850,30.78,8.461,93.07,17.88,5.31,57.37,812.28,51.99,691
  Raspberries,31,0.39,0.011,7.16,3.9,2.65,0.72,1,0,91
   60 g,,,,,,,,,,
  Ziggy's Internationale Pizza Mozzarella,107,6.66,4.67,1.33,1.33,,10.66,,,
   40 g,,,,,,,,,,
  Terra Delyssa Extra Virgin Olive Oil,80,9.34,1.33,0,0,0,0,0,0,0
   10 ml,,,,,,,,,,
  Great Value Flaked Light Skipjack Tuna,104,0.52,0.35,0,0,0,26,277.28,51.99,
   104 ml,,,,,,,,,,
  Great Value Chick Peas,139,1.99,0.27,22.58,4.65,0.66,7.3,258.96,,
   166 g,,,,,,,,,,
  Great Value Sliced Black Olives,69,6.88,1.03,0,0,0,0.69,275.04,0,
   55 g,,,,,,,,,,
  President's Choice Organics Quinoa,320,5,0.8,62,8,2,12,0,0,600
   2 x 1/4 cup (90 g),,,,,,,,,,
 Dinner,462,24,2.62,34.18,5.44,21.15,27.1,142.06,0,365.18
  President's Choice Lightly Seasoned Peanuts,112,9,1.62,4.32,1.44,0.72,3.96,79.2,0,108
   18 g,,,,,,,,,,
  No Name Whole Almonds,190,15,1,7,4,1,6,0,0,
   1/4 cup (30 g),,,,,,,,,,
  Liberte Greek Yogurt - Vanilla,160,0,,22.86,0,19.43,17.14,62.86,0,257.18
   200 g,,,,,,,,,,
 Snacks/Other,419,25.65,13.1,39.38,7.48,24.35,14.1,218.75,35,190.62
  Tim Hortons Double Double Coffee - Medium,200,13,8,22,0,21,2,80,35,
   1 serving,,,,,,,,,,
  Our Finest 85% Swiss Dark Chocolate,62,5.25,3.25,3.5,1,1.5,1,,,75
   1/4 x 4 squares (10 g),,,,,,,,,,
  Simply Protein Peanut Butter Chocolate Bar,157,7.4,1.85,13.88,6.48,1.85,11.1,138.75,0,115.62
   37 g,,,,,,,,,,
,,,,,,,,,,
"Wednesday, June 19, 2024",2516,98.59,28.374,266.44,29.65,108.04,150.72,2280.41,853.57,2676.1
 Breakfast,790,32.95,8.34,67.54,8.31,31.5,55.93,970.42,617.57,1304.02
  Bananas,102,0.38,0.129,26.27,3,14.06,1.25,1,0,412
   115 g,,,,,,,,,,
  Egg,209,14.11,4.401,1.09,0,1.09,17.86,199,601,190
   142 g,,,,,,,,,,
  Astro 0% Original Plain Yogurt,69,0,0,9.43,0,6.86,6.86,64.28,8.57,
   150 g,,,,,,,,,,
  Dairyland 1% Cottage Cheese,88,0.8,0.4,5.6,0,5.6,13.6,432,8,160
   100 g,,,,,,,,,,
  Wonder 100% Whole Wheat Bread (75g),80,1.4,0.4,14.4,1.6,1.2,3.2,124,0,60
   30 g,,,,,,,,,,
  Silk Unsweetened Fortified Soy Beverage,92,4.59,0.51,4.08,2.04,1.02,8.16,91.8,,357
   255 ml,,,,,,,,,,
  No Name Smooth Peanut Butter,150,11.67,2.5,6.67,1.67,1.67,5,58.34,0,125.02
   25 g,,,,,,,,,,
 Lunch,895,29.32,10.458,104.35,13.27,7.66,57.41,1008.59,221,612.6
  Our Finest 85% Swiss Dark Chocolate,62,5.25,3.25,3.5,1,1.5,1,,,75
"   1/4 x 4 squares, 10 g",,,,,,,,,,
  Terra Delyssa Extra Virgin Olive Oil,80,9.34,1.33,0,0,0,0,0,0,0
   10 ml,,,,,,,,,,
  Raspberries ,22,0.27,0.008,5.01,2.7,1.86,0.5,0,0,63
   42 g,,,,,,,,,,
  Ziggy's Internationale Pizza Mozzarella,115,7.16,5.02,1.43,1.43,,11.46,,,
   43 g,,,,,,,,,,
  Sunrise Medium Firm Tofu,82,4.7,0.59,2.35,0,0,8.23,0,0,205.8
   100 g,,,,,,,,,,
  Unico Black Beans,108,0.77,0,21.5,4.61,0.77,7.68,330.24,0,268.8
   96 ml,,,,,,,,,,
  Great Value Pacific White Shrimp Cooked,65,0.65,0.26,0,0,0,15.6,676,221,0
   130 g,,,,,,,,,,
  Fiorfiore Spaghetti,361,1.18,,70.56,3.53,3.53,12.94,2.35,0,
   100 g,,,,,,,,,,
 Dinner,551,20.32,2.576,68.55,6.07,51.88,27.38,156.4,0,759.48
  Grapes,136,0.32,0.106,35.66,1.8,30.5,1.42,4,0,376
   197 g,,,,,,,,,,
  Liberte Greek Yogurt - Vanilla,164,0,,23.42,0,19.91,17.56,64.4,0,263.48
   205 g,,,,,,,,,,
  No Name Whole Almonds,127,10,0.67,4.67,2.67,0.67,4,0,0,
   20 g,,,,,,,,,,
  President's Choice Lightly Seasoned Peanuts,124,10,1.8,4.8,1.6,0.8,4.4,88,0,120
   20 g,,,,,,,,,,
 Snacks/Other,280,16,7,26,2,17,10,145,15,
  Great Value Peanut Protein Bar,180,10,3,15,2,6,9,105,0,
   1 bar (37 g),,,,,,,,,,
  Tim Hortons Regular Coffee - Medium,100,6,4,11,0,11,1,40,15,
   1 serving,,,,,,,,,,
,,,,,,,,,,
"Thursday, June 20, 2024",2496,80.86,23.4,302.23,35.3,82.59,154.44,2475.21,737.55,3536.59
 Breakfast,833,30.73,8.741,81.73,9.17,31.22,57.66,1098.95,643.09,1292.05
  Bananas,91,0.34,0.114,23.3,2.7,12.47,1.11,1,0,365
   102 g,,,,,,,,,,
  Astro 0% Original Plain Yogurt,70,0,0,9.56,0,6.95,6.95,65.18,8.69,
   152 g,,,,,,,,,,
  Egg,218,14.71,4.587,1.14,0,1.14,18.62,207,626,198
   148 g,,,,,,,,,,
  Dairyland 1% Cottage Cheese,92,0.84,0.42,5.88,0,5.88,14.28,453.6,8.4,168
   105 g,,,,,,,,,,
  Wonder 100% Whole Wheat Bread (75g),149,2.61,0.75,26.89,2.99,2.24,5.98,231.57,0,112.05
   56 g,,,,,,,,,,
  Silk Unsweetened Fortified Soy Beverage,85,4.23,0.47,3.76,1.88,0.94,7.52,84.6,,329
   235 ml,,,,,,,,,,
  No Name Smooth Peanut Butter,128,8,2.4,11.2,1.6,1.6,3.2,56,0,120
   24 g,,,,,,,,,,
 Lunch,787,7.92,4.269,155.97,15.1,46.59,29.74,541.54,15,1235.75
  Mango,135,0.56,0.137,35.19,3.7,30.64,1.06,4,0,323
   1 mango,,,,,,,,,,
  Mutti Passata,62,0,0,12.33,3.08,9.25,3.08,354.54,0,770.75
   185 ml,,,,,,,,,,
  Onions ,36,0.07,0.022,8.59,1.2,3.64,0.78,3,0,122
   85 g,,,,,,,,,,
  Great Value Partly Skim Mozzarella,80,5,3.5,2,1,0,8,180,15,20
   1/3 cup (30 g),,,,,,,,,,
  Primo Spaghettini,474,2.29,0.61,97.86,6.12,3.06,16.82,0,0,
   130 g,,,,,,,,,,
 Dinner,679,32.3,4.17,41.76,10.03,2.43,63.19,780.8,52.5,929.55
  President's Choice Lightly Seasoned Peanuts,124,10,1.8,4.8,1.6,0.8,4.4,88,0,120
   20 g,,,,,,,,,,
  No Name Whole Almonds,127,10,0.67,4.67,2.67,0.67,4,0,0,
   20 g,,,,,,,,,,
  Unico Black Beans,134,0.96,0,26.88,5.76,0.96,9.6,412.8,0,336
   120 ml,,,,,,,,,,
  Great Value Flaked Light Skipjack Tuna,105,0.52,0.35,0,0,0,26.25,280,52.5,
"   1 3/4 x 1/2 can, 105 ml",,,,,,,,,,
  Sunrise Medium Firm Tofu,189,10.82,1.35,5.41,0,0,18.94,0,0,473.55
   230 g,,,,,,,,,,
 Snacks/Other,197,9.91,6.22,22.77,1,2.35,3.85,53.92,26.96,79.24
  McDonald's Iced Coffee with Sugar Free Syrup (Large),55,4.66,2.97,1.27,0,0.85,0.85,33.92,16.96,4.24
   250 ml,,,,,,,,,,
  Heineken Bière sans Alcool ,80,0,0,18,,,2,20,10,0
"   2 x 1 canette, 710 ml",,,,,,,,,,
  Our Finest 85% Swiss Dark Chocolate,62,5.25,3.25,3.5,1,1.5,1,,,75
"   1/4 x 4 squares, 10 g",,,,,,,,,,
,,,,,,,,,,
"Friday, June 21, 2024",2314,67.46,22.28,281.91,25.41,126.74,161.04,1892.53,799.12,2432.45
 Breakfast,742,30.44,8.587,68.22,8.48,27.03,50.05,914.29,644.63,1299.97
  Bananas,102,0.38,0.129,26.27,3,14.06,1.25,1,0,412
   115 g,,,,,,,,,,
  Astro 0% Original Plain Yogurt,27,0,0,3.77,0,2.74,2.74,25.72,3.43,
   60 g,,,,,,,,,,
  Egg,220,14.91,4.648,1.16,0,1.16,18.87,210,634,201
   150 g,,,,,,,,,,
  Dairyland 1% Cottage Cheese,79,0.72,0.36,5.04,0,5.04,12.24,388.8,7.2,144
   90 g,,,,,,,,,,
  Wonder 100% Whole Wheat Bread (75g),91,1.59,0.45,16.31,1.81,1.36,3.62,140.43,0,67.95
   34 g,,,,,,,,,,
  Silk Unsweetened Fortified Soy Beverage,90,4.5,0.5,4,2,1,8,90,,350
   1 cup (250 ml),,,,,,,,,,
  No Name Smooth Peanut Butter,133,8.34,2.5,11.67,1.67,1.67,3.33,58.34,0,125.02
   25 g,,,,,,,,,,
 Lunch,901,23.62,8.343,134.53,6.45,42.52,47.18,432.22,64.49,721.21
  Our Finest 85% Swiss Dark Chocolate,62,5.25,3.25,3.5,1,1.5,1,,,75
"   1/4 x 4 squares, 10 g",,,,,,,,,,
  Terra Delyssa Extra Virgin Olive Oil,80,9.34,1.33,0,0,0,0,0,0,0
   10 ml,,,,,,,,,,
  Grapes,183,0.42,0.143,47.96,2.4,41.02,1.91,5,0,506
   265 g,,,,,,,,,,
  Sunrise Medium Firm Tofu,49,2.82,0.35,1.41,0,0,4.94,0,0,123.55
   60 g,,,,,,,,,,
  Great Value Flaked Light Skipjack Tuna,104,0.52,0.35,0,0,0,26,277.28,51.99,
   104 ml,,,,,,,,,,
  Great Value Partly Skim Mozzarella,67,4.16,2.92,1.67,0.83,0,6.66,149.94,12.5,16.66
   25 g,,,,,,,,,,
  Selection Basmati Rice,356,1.11,0,79.99,2.22,0,6.67,,,
   100 g,,,,,,,,,,
 Dinner,314,1,0.5,34.28,4,24.34,44.71,307.27,70,295.65
  Liberte Greek Yogurt - Vanilla,184,0,,26.28,0,22.34,19.71,72.27,0,295.65
   230 g,,,,,,,,,,
  No Name Blue Cod Fillets,80,1,0.5,0,,,19,105,70,
   100 g,,,,,,,,,,
  Great Value Chopped Spinach Nuggets,50,0,0,8,4,2,6,130,0,
   2 x 3 nuggets (170 g),,,,,,,,,,
 Snacks/Other,357,12.4,4.85,44.88,6.48,32.85,19.1,238.75,20,115.62
  Simply Protein Peanut Butter Chocolate Bar,157,7.4,1.85,13.88,6.48,1.85,11.1,138.75,0,115.62
   37 g,,,,,,,,,,
  Tim Hortons Original Iced Latte - Medium,200,5,3,31,0,31,8,100,20,
   1 serving,,,,,,,,,,
,,,,,,,,,,
"Saturday, June 22, 2024",2258,51.76,21.644,282.62,34.33,82.41,172.11,1524.74,253.75,1532.53
 Breakfast,545,11.09,2.36,75.17,11.52,17.26,38.08,169.8,0,483.75
  Great Value Quick Oats,60,1.06,0.21,11.05,1.7,0,2.55,0,0,63.75
   17 g,,,,,,,,,,
  Great Value Original Granola,272,3.09,0.62,54.38,7.42,14.83,7.42,61.8,0,
   68 g,,,,,,,,,,
  Six Star Whey Protein +,105,1.54,0.93,4.94,,1.23,18.51,0,0,
   29 g,,,,,,,,,,
  Silk Unsweetened Fortified Soy Beverage,108,5.4,0.6,4.8,2.4,1.2,9.6,108,,420
   300 ml,,,,,,,,,,
 Lunch,755,17.08,9.7,126.16,9.23,6.7,28.37,619.44,29.75,104.66
  Our Finest 85% Swiss Dark Chocolate,75,6.3,3.9,4.2,1.2,1.8,1.2,,,90
   12 g,,,,,,,,,,
  Great Value Partly Skim Mozzarella,59,3.66,2.57,1.47,0.73,0,5.86,131.94,11,14.66
   22 g,,,,,,,,,,
  Classico Alfredo Pasta Sauce,56,4.38,2.5,3.75,0,1.25,1.25,487.5,18.75,0
   1 1/4 x 1/4 cup (75 ml),,,,,,,,,,
  Primo Spaghettini,565,2.74,0.73,116.74,7.3,3.65,20.06,0,0,
   155 g,,,,,,,,,,
 Dinner,571,11.17,4.734,28.41,6.1,18.85,86.31,496,204,766
  Our Finest 85% Swiss Dark Chocolate,62,5.25,3.25,3.5,1,1.5,1,,,75
   1/4 x 4 squares (10 g),,,,,,,,,,
  Great Value Bold Deli Style Prepared Mustard,25,0,0,0,0,0,1.5,300,0,
   5 x 1 tsp (25 g),,,,,,,,,,
  Apples ,73,0.24,0.039,19.33,3.4,14.55,0.36,1,0,150
   140 g,,,,,,,,,,
  Lilydale Chicken Breasts,374,5.1,1.36,0,0,0,78.2,187,204,
   340 g,,,,,,,,,,
  Mushrooms ,37,0.58,0.085,5.58,1.7,2.8,5.25,8,0,541
   170 g,,,,,,,,,,
 Snacks/Other,387,12.42,4.85,52.88,7.48,39.6,19.35,239.5,20,178.12
  Parnoosh Delicious Pitted Dates,30,0.02,0,8,1,6.75,0.25,0.75,0,62.5
   1/4 x 1/4 cup (10 g),,,,,,,,,,
  Tim Hortons Original Iced Latte - Medium,200,5,3,31,0,31,8,100,20,
   1 serving,,,,,,,,,,
  Simply Protein Peanut Butter Chocolate Bar,157,7.4,1.85,13.88,6.48,1.85,11.1,138.75,0,115.62
   37 g,,,,,,,,,,
,,,,,,,,,,
"Sunday, June 23, 2024",2496,78.09,24.365,343.96,29.8,131.62,123.84,1267.51,140.9,1885.75
 Breakfast,548,11.57,2.438,78.61,10.92,22.43,38.28,293.4,0,945.75
  Great Value Quick Oats,88,1.56,0.31,16.25,2.5,0,3.75,0,0,93.75
   25 g,,,,,,,,,,
  Quaker Instant Oatmeal - Cinnamon & Spice,140,2,0.4,28,3,7,4,170,0,0
   1 packet (38 g),,,,,,,,,,
  Bananas,93,0.35,0.118,23.98,2.7,12.84,1.14,1,0,376
   105 g,,,,,,,,,,
  Six Star Whey Protein +,105,1.54,0.93,4.94,,1.23,18.51,0,0,
   29 g,,,,,,,,,,
  Silk Unsweetened Fortified Soy Beverage,122,6.12,0.68,5.44,2.72,1.36,10.88,122.4,,476
   340 ml,,,,,,,,,,
 Lunch,1127,24.77,3.177,181.35,13.88,41.99,55.56,661.11,85.9,730
  Grapes,162,0.38,0.127,42.54,2.1,36.38,1.69,5,0,449
   235 g,,,,,,,,,,
  No Name Chunk Light Tuna Packed in Water,115,0.95,0,0,0,0,26.73,362.71,85.9,
   105 g,,,,,,,,,,
  Unico Black Beans,95,0.68,0,19.04,4.08,0.68,6.8,292.4,0,238
   85 ml,,,,,,,,,,
  Unico Rotini,565,2.74,0.73,116.74,7.3,3.65,20.06,0,0,0
   155 g,,,,,,,,,,
  Avocado Vegetable Oil ,177,20,2.312,0,0,,0,0,,0
   20 g,,,,,,,,,,
  Onions ,13,0.02,0.008,3.03,0.4,1.28,0.28,1,0,43
   30 g,,,,,,,,,,
 Dinner,241,12.75,3.75,19,3,12.2,13,33,0,210
  No Name Whole Almonds,95,7.5,0.5,3.5,2,0.5,3,0,0,
   1/2 x 1/4 cup (15 g),,,,,,,,,,
  Our Finest 85% Swiss Dark Chocolate,62,5.25,3.25,3.5,1,1.5,1,,,75
   1/4 x 4 squares (10 g),,,,,,,,,,
  Liberte Greek Yogurt - Vanilla,84,0,,12,0,10.2,9,33,0,135
   105 g,,,,,,,,,,
 Snacks/Other,580,29,15,65,2,55,17,280,55,
  Tim Hortons Original Iced Latte - Small,150,4,2,22,0,22,6,80,15,
   1 serving,,,,,,,,,,
  Great Value Peanut Protein Bar,180,10,3,15,2,6,9,105,0,
   1 bar (37 g),,,,,,,,,,
  Tim Hortons Double Double Coffee - Large,250,15,10,28,0,27,2,95,40,
   1 serving,,,,,,,,,,
,,,,,,,,,,
"Monday, June 24, 2024",4764,206.36,71.827,488.32,47.61,154.1,222.83,4037.49,991.7,2223.75
 Breakfast,843,30.28,8.381,90.59,10.55,46.08,54.37,787.49,650.7,1455.85
  No Name Fat Free Cottage Cheese,71,0,0,5.49,0,5.49,11.76,227.36,7.84,176.4
   98 g,,,,,,,,,,
  Bananas,98,0.36,0.123,25.12,2.9,13.45,1.2,1,0,394
   110 g,,,,,,,,,,
  Egg,220,14.91,4.648,1.16,0,1.16,18.87,210,634,201
   150 g,,,,,,,,,,
  Astro 0% Original Plain Yogurt,71,0,0,9.75,0,7.09,7.09,66.45,8.86,
   155 g,,,,,,,,,,
  Wonder 100% Whole Wheat Bread (75g),83,1.45,0.41,14.87,1.65,1.24,3.3,128.03,0,61.95
   31 g,,,,,,,,,,
  Silk Unsweetened Fortified Soy Beverage,90,4.5,0.5,4,2,1,8,90,,350
   1 cup (250 ml),,,,,,,,,,
  No Name Smooth Peanut Butter,144,9,2.7,12.6,1.8,1.8,3.6,63,0,135
   27 g,,,,,,,,,,
  Parnoosh Delicious Pitted Dates,66,0.06,0,17.6,2.2,14.85,0.55,1.65,0,137.5
   22 g,,,,,,,,,,
 Lunch,828,27.08,7.446,95.73,16.06,4.02,58.46,613,51,767.9
  Chosen Foods 100% Pure Avocado Oil,120,13.5,1.5,0,,,0,,,
   1 1/2 x 2 tsp (15 ml),,,,,,,,,,
  Ziggy's Internationale Pizza Mozzarella,107,6.66,4.67,1.33,1.33,,10.66,,,
   40 g,,,,,,,,,,
  Cucumber (Peeled) ,6,0.08,0.006,1.08,0.4,0.69,0.3,1,0,68
   50 g,,,,,,,,,,
  Great Value Flaked Light Skipjack Tuna,102,0.51,0.34,0,0,0,25.5,272,51,
   102 ml,,,,,,,,,,
  Unico Lentils,120,0.5,,21,5,1,8,340,,
   1/2 cup (125 ml),,,,,,,,,,
  President's Choice Organics Quinoa,373,5.83,0.93,72.32,9.33,2.33,14,0,0,699.9
   105 g,,,,,,,,,,
 Dinner,2913,139,53,287,19,98,101,2532,290,0
  Five Guys Hamburger,700,43,19.5,39,2,8,39,430,125,
"   1 burger, 265 g",,,,,,,,,,
  Sprite Sprite (Can),140,0,0,38,0,38,0,65,0,0
"   1 can, 355 ml",,,,,,,,,,
  Coca-Cola Coca-Cola (Can),140,0,0,39,0,39,0,25,0,0
"   1 can, 355 ml",,,,,,,,,,
  Five Guys Cheeseburger,980,55,26.5,40,2,9,47,1050,165,
"   1 cheeseburger, 303 g",,,,,,,,,,
  Five Guys Regular Fries,953,41,7,131,15,4,15,962,,
"   1 regular fries, 411 g",,,,,,,,,,
 Snacks/Other,180,10,3,15,2,6,9,105,0,
  Great Value Peanut Protein Bar,180,10,3,15,2,6,9,105,0,
   1 bar (37 g),,,,,,,,,,
,,,,,,,,,,
"Tuesday, June 25, 2024",2621,100.86,35.525,344.57,26.76,153.35,94.47,2385.59,753.57,3133.02
 Breakfast,782,27.81,7.631,82.08,9.46,39.77,52.71,781.59,608.57,1354.02
  Astro 0% Original Plain Yogurt,69,0,0,9.43,0,6.86,6.86,64.28,8.57,
   150 g,,,,,,,,,,
  Bananas,89,0.33,0.112,22.84,2.6,12.23,1.09,1,0,358
   100 g,,,,,,,,,,
  Egg,206,13.92,4.339,1.08,0,1.08,17.61,196,592,188
   140 g,,,,,,,,,,
  No Name Fat Free Cottage Cheese,72,0,0,5.6,0,5.6,12,232,8,180
   100 g,,,,,,,,,,
  Parnoosh Delicious Pitted Dates,45,0.04,0,12,1.5,10.12,0.38,1.12,0,93.75
   15 g,,,,,,,,,,
  Wonder 100% Whole Wheat Bread (75g),93,1.63,0.47,16.81,1.87,1.4,3.74,144.77,0,70.05
   35 g,,,,,,,,,,
  Silk Unsweetened Fortified Soy Beverage,91,4.55,0.51,4.05,2.02,1.01,8.1,91.08,,354.2
   253 ml,,,,,,,,,,
  No Name Smooth Peanut Butter,117,7.34,2.2,10.27,1.47,1.47,2.93,51.34,0,110.02
   22 g,,,,,,,,,,
 Lunch,1620,67,24.5,219,10,79,39,1600,145,1300
  McDonald's Hamburger,480,16,6,64,4,,24,980,50,350
"   2 x 1 serving, 200 g",,,,,,,,,,
  McDonald's Large Fries,560,27,3.5,74,6,0,6,420,,950
"   1 serving, 178 g",,,,,,,,,,
  McDonald's McCafé Vanilla Chai Frappe (Medium),580,24,15,81,0,79,9,200,95,0
"   1 serving, 476 ml",,,,,,,,,,
 Dinner,219,6.05,3.394,43.49,7.3,34.58,2.76,4,0,479
  Our Finest 85% Swiss Dark Chocolate,62,5.25,3.25,3.5,1,1.5,1,,,75
"   1/4 x 4 squares, 10 g",,,,,,,,,,
  Mango,135,0.56,0.137,35.19,3.7,30.64,1.06,4,0,323
   1 mango,,,,,,,,,,
  Blackberries ,22,0.24,0.007,4.8,2.6,2.44,0.7,0,0,81
   50 g,,,,,,,,,,
 Snacks/Other,,,,,,,,,,
,,,,,,,,,,
"Wednesday, June 26, 2024",2486,99.13,23.358,286.83,38.95,73.88,120.89,1744.11,521.61,2612.98
 Breakfast,754,26.11,7.029,81.78,9.5,38.46,50.03,754.74,481.86,1332.32
  No Name Fat Free Cottage Cheese,72,0,0,5.6,0,5.6,12,232,8,180
   100 g,,,,,,,,,,
  Bananas,87,0.32,0.11,22.38,2.5,11.99,1.07,1,0,351
   98 g,,,,,,,,,,
  Egg,162,10.93,3.409,0.85,0,0.85,13.84,154,465,147
   110 g,,,,,,,,,,
  Astro 0% Original Plain Yogurt,71,0,0,9.75,0,7.09,7.09,66.45,8.86,
   155 g,,,,,,,,,,
  Wonder 100% Whole Wheat Bread (75g),93,1.63,0.47,16.81,1.87,1.4,3.74,144.77,0,70.05
   35 g,,,,,,,,,,
  Parnoosh Delicious Pitted Dates,39,0.03,0,10.4,1.3,8.78,0.32,0.98,0,81.25
   13 g,,,,,,,,,,
  Silk Unsweetened Fortified Soy Beverage,97,4.86,0.54,4.32,2.16,1.08,8.64,97.2,,378
   270 ml,,,,,,,,,,
  No Name Smooth Peanut Butter,133,8.34,2.5,11.67,1.67,1.67,3.33,58.34,0,125.02
   25 g,,,,,,,,,,
 Lunch,813,16.38,6.668,139.19,9.21,5.36,30.86,605.07,30,16.66
  Classico Alfredo Pasta Sauce,53,4.08,2.33,3.5,0,1.17,1.17,455.13,17.5,0
   70 ml,,,,,,,,,,
  Great Value Partly Skim Mozzarella,67,4.16,2.92,1.67,0.83,0,6.66,149.94,12.5,16.66
   25 g,,,,,,,,,,
  Avocado Vegetable Oil,44,5,0.578,0,0,,0,0,,0
   5 g,,,,,,,,,,
  Primo Spaghettini,649,3.14,0.84,134.02,8.38,4.19,23.03,0,0,
   178 g,,,,,,,,,,
 Dinner,720,47.92,6.012,40.42,14.5,13.5,32.88,318.5,9.75,789
  No Name Whole Almonds,285,22.5,1.5,10.5,6,1.5,9,0,0,
   1 1/2 x 1/4 cup (45 g),,,,,,,,,,
  Blackberries ,37,0.42,0.012,8.17,4.5,4.15,1.18,1,0,138
   85 g,,,,,,,,,,
  Yoplait Source 0% Peach Yogurt,88,0,0,9.75,0,5.85,11.7,97.5,9.75,351
   195 g,,,,,,,,,,
  President's Choice Lightly Seasoned Peanuts,310,25,4.5,12,4,2,11,220,0,300
   1/3 cup (50 g),,,,,,,,,,
 Snacks/Other,199,8.72,3.649,25.44,5.74,16.56,7.12,65.8,0,475
  Our Finest 85% Swiss Dark Chocolate,62,5.25,3.25,3.5,1,1.5,1,,,75
"   1/4 x 4 squares, 10 g",,,,,,,,,,
  Apples ,72,0.23,0.039,19.06,3.3,14.34,0.36,1,0,148
"   1 medium (2-3/4"" dia) (approx 3 per lb)",,,,,,,,,,
  Silk Unsweetened Fortified Soy Beverage,65,3.24,0.36,2.88,1.44,0.72,5.76,64.8,,252
   180 ml,,,,,,,,,,
,,,,,,,,,,
"Thursday, June 27, 2024",3153,122.18,49.828,373.5,27.07,157.88,141.49,2808.57,749.19,2000.8
 Breakfast,733,26.57,7.238,75.58,8.85,36.6,49.23,732.37,502.57,1238.8
  No Name Fat Free Cottage Cheese,72,0,0,5.6,0,5.6,12,232,8,180
   100 g,,,,,,,,,,
  Bananas,67,0.25,0.084,17.13,2,9.17,0.82,1,0,268
   75 g,,,,,,,,,,
  Astro 0% Original Plain Yogurt,69,0,0,9.43,0,6.86,6.86,64.28,8.57,
   150 g,,,,,,,,,,
  Egg,169,11.43,3.564,0.89,0,0.89,14.47,161,486,154
   115 g,,,,,,,,,,
  Wonder 100% Whole Wheat Bread (75g),77,1.35,0.39,13.93,1.55,1.16,3.1,119.97,0,58.05
   29 g,,,,,,,,,,
  Parnoosh Delicious Pitted Dates,45,0.04,0,12,1.5,10.12,0.38,1.12,0,93.75
   15 g,,,,,,,,,,
  Silk Unsweetened Fortified Soy Beverage,90,4.5,0.5,4,2,1,8,90,,350
   1 cup (250 ml),,,,,,,,,,
  No Name Smooth Peanut Butter,144,9,2.7,12.6,1.8,1.8,3.6,63,0,135
   27 g,,,,,,,,,,
 Lunch,785,12.11,4.09,112.92,12.22,3.28,58.26,1036.2,91.62,212
  No Name Chunk Light Tuna Packed in Water,122,1.02,0,0,0,0,28.5,386.84,91.62,
   112 g,,,,,,,,,,
  Unico Lentils,228,0.95,,39.98,9.52,1.9,15.23,647.36,,
   238 ml,,,,,,,,,,
  Avocado Vegetable Oil,44,5,0.578,0,0,,0,0,,0
   5 g,,,,,,,,,,
  Cucumber (Peeled),11,0.14,0.012,1.94,0.6,1.24,0.53,2,0,122
   90 g,,,,,,,,,,
  Ziggy's Internationale Pizza Mozzarella,80,5,3.5,1,1,,8,,,
   1 serving (30 g),,,,,,,,,,
  President's Choice Basmati Rice,300,0,0,70,1.1,0.14,6,0,0,90
   2 x 1/4 cup (90 g),,,,,,,,,,
 Dinner,1195,59.5,25.5,134,5,82,30,830,135,550
  Our Finest 85% Swiss Dark Chocolate,125,10.5,6.5,7,2,3,2,,,150
   1/2 x 4 squares (20 g),,,,,,,,,,
  McDonald's McCafé Vanilla Chai Frappe (Medium),580,24,15,81,0,79,9,200,95,0
"   1 serving, 476 ml",,,,,,,,,,
  McDonald's Small French Fries,240,11,1.5,31,3,0,3,180,0,400
"   per 1 serving , 75 g",,,,,,,,,,
  McDonald's 6 Chicken McNuggets,250,14,2.5,15,0,0,16,450,40,0
"   1 serving, 95 g",,,,,,,,,,
 Snacks/Other,440,24,13,51,1,36,4,210,20,
  Tim Hortons Blueberry Donut,340,18,9,40,1,25,3,170,5,
   1 serving,,,,,,,,,,
  Tim Hortons Regular Coffee - Medium,100,6,4,11,0,11,1,40,15,
   1 serving,,,,,,,,,,
,,,,,,,,,,
"Friday, June 28, 2024",3110,108.3,27.062,431.57,29.42,125.57,110.82,2956.41,545.79,2475.78
 Breakfast,719,24.45,6.606,78.9,9.14,38.75,47.69,705.23,501.77,1281.78
  Egg,169,11.43,3.564,0.89,0,0.89,14.47,161,486,154
   115 g,,,,,,,,,,
  Bananas,89,0.33,0.112,22.84,2.6,12.23,1.09,1,0,358
   100 g,,,,,,,,,,
  Astro 0% Original Plain Yogurt,69,0,0,9.43,0,6.86,6.86,64.28,8.57,
   150 g,,,,,,,,,,
  No Name Fat Free Cottage Cheese,65,0,0,5.04,0,5.04,10.8,208.8,7.2,162
   90 g,,,,,,,,,,
  Parnoosh Delicious Pitted Dates,45,0.04,0,12,1.5,10.12,0.38,1.12,0,93.75
   15 g,,,,,,,,,,
  Wonder 100% Whole Wheat Bread (75g),85,1.49,0.43,15.37,1.71,1.28,3.42,132.37,0,64.05
   32 g,,,,,,,,,,
  Silk Unsweetened Fortified Soy Beverage,90,4.5,0.5,4,2,1,8,90,,350
"   1 cup, 250 ml",,,,,,,,,,
  No Name Smooth Peanut Butter,107,6.66,2,9.33,1.33,1.33,2.67,46.66,0,99.98
   20 g,,,,,,,,,,
 Lunch,781,9.27,4.866,143.4,10,23.8,33.11,333,18,846
  Mangos ,65,0.27,0.066,17,1.8,14.8,0.51,2,0,156
   100 g,,,,,,,,,,
  Mutti Passata,20,0,0,4,1,3,1,115,0,250
"   1/4 cup, 60 ml",,,,,,,,,,
  Great Value Partly Skim Mozzarella,96,6,4.2,2.4,1.2,0,9.6,216,18,24
   36 g,,,,,,,,,,
  Fiorfiore Rigatoni,600,3,0.6,120,6,6,22,0,0,416
"   2 x 1/6 of package , 170 g",,,,,,,,,,
 Dinner,1370,65.58,9.59,173.27,9.28,33.02,28.02,1848.18,21.02,348
  Doritos Nacho Cheese,1160,60.32,6.96,143.84,9.28,4.64,18.56,1716.8,0,348
   232 g,,,,,,,,,,
  Starbucks Starbucks Blonde Vanilla Latte (Tall),210,5.26,2.63,29.43,0,28.38,9.46,131.38,21.02,
   372 ml,,,,,,,,,,
 Snacks/Other,240,9,6,36,1,30,2,70,5,
  Mars Mars Bar,240,9,6,36,1,30,2,70,5,
"   1 bar, 50 g",,,,,,,,,,
,,,,,,,,,,
"Saturday, June 29, 2024",2206,72.87,13.626,247.22,34.09,43.76,145.46,1834.43,187.5,2501.5
 Breakfast,466,11.15,2.37,57.64,8.52,9.54,37.72,283.4,0,553.5
  Six Star Whey Protein +,108,1.6,0.96,5.1,,1.28,19.14,0,0,
   30 g,,,,,,,,,,
  Silk Unsweetened Fortified Soy Beverage,113,5.67,0.63,5.04,2.52,1.26,10.08,113.4,,441
   315 ml,,,,,,,,,,
  Great Value Quick Oats,105,1.88,0.38,19.5,3,0,4.5,0,0,112.5
   3/4 x 1/2 cup (30 g),,,,,,,,,,
  Quaker Instant Oatmeal - Cinnamon & Spice,140,2,0.4,28,3,7,4,170,0,0
   1 packet (38 g),,,,,,,,,,
 Lunch,727,19.34,6.401,115.06,11.85,16.39,29.31,831.13,25,130
"  Val Nature Proteines Saveur Arachides, Amandes et Chocolat Noir",180,11,2.5,12,2,8,11,180,0,
   1 barre (37 g),,,,,,,,,,
  Blackberries ,34,0.39,0.011,7.69,4.2,3.9,1.11,1,0,130
   80 g,,,,,,,,,,
  Classico Alfredo Pasta Sauce,75,5.83,3.33,5,0,1.67,1.67,650.13,25,0
   100 ml,,,,,,,,,,
  Primo Linguine,438,2.12,0.56,90.37,5.65,2.82,15.53,0,0,
   120 g,,,,,,,,,,
 Dinner,818,32.66,3.775,65.88,9.4,15.67,61.15,525.5,162.5,1062
  Great Value Bold Deli Style Prepared Mustard,20,0,0,0,0,0,1.2,240,0,
   4 x 1 tsp (20 g),,,,,,,,,,
  Avocado Vegetable Oil ,265,30,3.468,0,0,,0,0,,0
   30 g,,,,,,,,,,
  Lilydale Chicken Breast Boneless Skinless,262,2.5,0.25,2.5,0,2.5,55,112.5,162.5,0
   250 g,,,,,,,,,,
  Sweet Potato ,271,0.16,0.057,63.38,9.4,13.17,4.95,173,0,1062
   315 g,,,,,,,,,,
 Snacks/Other,195,9.72,1.08,8.64,4.32,2.16,17.28,194.4,,756
  Silk Unsweetened Fortified Soy Beverage,130,6.48,0.72,5.76,2.88,1.44,11.52,129.6,,504
   360 ml,,,,,,,,,,
  Silk Unsweetened Fortified Soy Beverage,65,3.24,0.36,2.88,1.44,0.72,5.76,64.8,,252
   180 ml,,,,,,,,,,
,,,,,,,,,,
"Sunday, June 30, 2024",2455,95.92,23.975,260.83,22.95,70.37,152.83,1175.22,311.62,1461.59
 Breakfast,479,10.85,2.3,62.39,9.02,16.29,37.22,284.15,0,597.25
  Great Value Quick Oats,88,1.56,0.31,16.25,2.5,0,3.75,0,0,93.75
   25 g,,,,,,,,,,
  Quaker Instant Oatmeal - Cinnamon & Spice,140,2,0.4,28,3,7,4,170,0,0
"   1 packet, 38 g",,,,,,,,,,
  Parnoosh Delicious Pitted Dates,30,0.02,0,8,1,6.75,0.25,0.75,0,62.5
   1/4 x 1/4 cup (10 g),,,,,,,,,,
  Silk Unsweetened Fortified Soy Beverage,113,5.67,0.63,5.04,2.52,1.26,10.08,113.4,,441
   315 ml,,,,,,,,,,
  Six Star Whey Protein +,108,1.6,0.96,5.1,,1.28,19.14,0,0,
   30 g,,,,,,,,,,
 Lunch,763,26.96,4.743,93.89,4.3,11.01,40.07,524.32,105.87,335.34
  No Name Mozzarella Shredded Cheese,67,4.67,2.33,1.33,,,5.34,146.74,16.68,13.34
   20 g,,,,,,,,,,
  No Name Chunk Light Tuna Packed in Water,119,0.99,0,0,0,0,27.75,376.58,89.19,
   109 g,,,,,,,,,,
  Avocado Vegetable Oil,177,20,2.312,0,0,,0,0,,0
   20 g,,,,,,,,,,
  Bananas ,80,0.3,0.101,20.56,2.3,11.01,0.98,1,0,322
   90 g,,,,,,,,,,
  Selection Basmati Rice,320,1,0,72,2,0,6,,,
"   2 x 1 portion, 90 g",,,,,,,,,,
 Dinner,833,34.11,6.432,70.55,6.63,14.07,62.54,116.75,165.75,404
  Our Finest 85% Swiss Dark Chocolate,62,5.25,3.25,3.5,1,1.5,1,,,75
   1/4 x 4 squares (10 g),,,,,,,,,,
  Strawberries ,69,0.64,0.032,16.51,4.3,10.02,1.44,2,0,329
   215 g,,,,,,,,,,
  Selection Basmati Rice,213,0.67,0,47.99,1.33,0,4,,,
   60 g,,,,,,,,,,
  Avocado Vegetable Oil,221,25,2.89,0,0,,0,0,,0
   25 g,,,,,,,,,,
  Lilydale Chicken Breast Boneless Skinless,268,2.55,0.26,2.55,0,2.55,56.1,114.75,165.75,0
   255 g,,,,,,,,,,
 Snacks/Other,380,24,10.5,34,3,29,13,250,40,125
  Nature Valley Protein Peanut Almond & Dark Chocolate,180,11,2.5,12,3,8,11,170,5,125
"   1 bar, 37 g",,,,,,,,,,
  Tim Hortons Double Double Coffee - Medium,200,13,8,22,0,21,2,80,35,
   1 serving,,,,,,,,,,
,,,,,,,,,,
Total,76856,2682.57,853.799,9167.59,1032.15,2864.43,4382.09,60413.92,16858,74996.7
